<?xml version="1.0" encoding="UTF-8"?>
<!DOCTYPE mapper PUBLIC "-//mybatis.org//DTD Mapper 3.0//EN" "http://mybatis.org/dtd/mybatis-3-mapper.dtd">
<!-- 쿼리문은 해당 Mapper파일에서 모두 작성한다. -->
<!-- Mapper 파일은 여러개일 수 있기 때문에 각 Mapper파일을 구별할 수 있도록 -->
<!-- 이름을 준다. 이름을 주는 방법이 mapper의 namespace속성에 값을 주는 것이다. -->
<mapper namespace="boardMapper">
	<!-- ResultMap은 디비에서의 실행결과를 자바에서 사용할 수 있도록 -->
	<!-- VO Object와 연결하는 것이다. -->
	<resultMap type="vo.BoardVO" id="board">
		<result column="BOARD_NUM" 			property="boardNum"/>
		<result column="BOARD_TITLE" 		property="boardTitle"/>
		<result column="BOARD_WRITER" 		property="boardWriter"/>
		<result column="BOARD_CONTENT"	 	property="boardContent"/>
		<result column="BOARD_DATE" 		property="boardDate"/>
		<result column="BOARD_PASS" 		property="boardPass"/>
		<result column="READ_CNT" 			property="readCnt"/>
		<result column="BOARD_RE_SEQ" 		property="boardReSeq"/>
		<result column="BOARD_RE_REF" 		property="boardReRef"/>
		<result column="ROW_NUM" 			property="rowNum"/>
		<result column="BOARD_FILE" 		property="boardFile"/>
	</resultMap>	
	
	<select id="selectBoardList" resultMap="board"> <!-- 세미콜론 금지! -->
		SELECT ROW_NUM
  			  , BOARD_NUM
   			 , BOARD_TITLE
  			  , READ_CNT
  			  , BOARD_WRITER
 			  , BOARD_DATE
  			  , BOARD_PASS
		FROM
   			 (SELECT 
   			 	(SELECT COUNT(BOARD_NUM) 
                	FROM BOARD
                	WHERE BOARD_RE_REF IS NULL) - ROWNUM + 1 AS ROW_NUM
            , BOARD_NUM
            , BOARD_TITLE
            , READ_CNT
            , BOARD_WRITER
            , BOARD_DATE
            , BOARD_PASS
        	FROM (SELECT BOARD_NUM
	                   , BOARD_TITLE
	                   , READ_CNT
	                   , BOARD_WRITER
	                   , BOARD_DATE
	                   , BOARD_PASS
	              FROM BOARD
	              WHERE BOARD_RE_REF IS NULL
	              AND BOARD_RE_SEQ IS NULL
	              ORDER BY BOARD_NUM DESC
              	  )
    		 )
		WHERE ROW_NUM &gt;= (SELECT COUNT(BOARD_NUM)-9 FROM BOARD WHERE BOARD_RE_REF IS NULL) - ((#{pageIndex}-1) * 10)
		AND ROW_NUM &lt;=(SELECT COUNT(BOARD_NUM) FROM BOARD  WHERE BOARD_RE_REF IS NULL) - ((#{pageIndex}-1) * 10)
	</select>
	<!-- &lt : <        &gt : >  -->
	<insert id="insertBoard">
		INSERT INTO BOARD 
			(BOARD_NUM
			, BOARD_TITLE
			, BOARD_WRITER
			, BOARD_CONTENT
			, BOARD_PASS
			, BOARD_RE_SEQ
			, BOARD_RE_REF
			, BOARD_FILE
		)VALUES(
			(SELECT NVL(MAX(BOARD_NUM)+1,1) FROM BOARD)
			, #{boardTitle}
			, #{boardWriter}
			, #{boardContent}
			, #{boardPass}
			, NULL
			, NULL
			, #{boardFile}
		)
	</insert>
	
	<!-- BOARD_NUM은 삭제, 수정에 쓰인다. 기본키는 화면에 나타내지 않아도 항상 가져오는게 좋다. -->
	<select id="selectBoard" resultMap="board">
		SELECT BOARD_TITLE
			, BOARD_WRITER
			, BOARD_CONTENT
			, BOARD_DATE
			, READ_CNT
			, BOARD_NUM
			, BOARD_PASS
			, BOARD_FILE
		FROM BOARD 
		WHERE BOARD_NUM = #{boardNum}
	</select>
	<update id="updateReadCnt">
		UPDATE BOARD 
		SET 
		READ_CNT = READ_CNT + 1
		WHERE  BOARD_NUM = #{boardNum}
	</update>
	<delete id="deleteBoard">
		DELETE BOARD 
		WHERE BOARD_NUM = #{boardNum}
	</delete>
	<update id="updateBoard">
		UPDATE BOARD 
		SET 
		BOARD_CONTENT = #{boardContent}
		, BOARD_TITLE = #{boardTitle}
		WHERE BOARD_NUM = #{boardNum}
	</update>
	<select id="selectPass" resultMap="board">
		SELECT BOARD_PASS FROM BOARD WHERE BOARD_NUM = #{boardNum} AND BOARD_PASS = #{boardPass}
	</select>
	<insert id="insertReply">
		INSERT INTO BOARD 
			(BOARD_NUM
			, BOARD_TITLE
			, BOARD_WRITER
			, BOARD_CONTENT
			, BOARD_PASS
			, BOARD_RE_SEQ
			, BOARD_RE_REF
		)VALUES(
			(SELECT NVL(MAX(BOARD_NUM)+1,1)
			FROM BOARD)
			, #{boardTitle}
			, #{boardWriter}
			, NULL
			, NULL
			, (SELECT NVL(MAX(BOARD_RE_SEQ)+1,1)
				FROM BOARD
				WHERE BOARD_RE_REF = #{boardReRef}
			  )
			, #{boardReRef}
		)
	</insert>
	
	<select id="selectReplyList" resultMap="board">
	SELECT BOARD_WRITER, BOARD_DATE, BOARD_TITLE FROM BOARD
	WHERE BOARD_RE_REF IS NOT NULL 
	AND BOARD_RE_SEQ IS NOT NULL 
	AND BOARD_RE_REF = #{boardReRef} 
	ORDER BY BOARD_RE_SEQ DESC
	</select>
	
	<select id="selectBoardCount" resultType="int"> <!-- INT에 매핑(숫자라서, resultMap에 COUNT가 없어서) -->
		SELECT COUNT(BOARD_NUM)
		FROM BOARD 
		WHERE BOARD_RE_REF IS  NULL 
		AND BOARD_RE_SEQ IS  NULL 
	</select>
	
</mapper>























































