<?xml version="1.0" encoding="UTF-8"?>
<!DOCTYPE mapper PUBLIC "-//mybatis.org//DTD Mapper 3.0//EN" "http://mybatis.org/dtd/mybatis-3-mapper.dtd">
<!-- 쿼리문은 해당 Mapper파일에서 모두 작성한다. -->
<!-- Mapper 파일은 여러개일 수 있기 때문에 각 Mapper파일을 구별할 수 있도록 -->
<!-- 이름을 준다. 이름을 주는 방법이 mapper의 namespace속성에 값을 주는 것이다. -->
<mapper namespace="itemMapper">
	<!-- ResultMap은 디비에서의 실행결과를 자바에서 사용할 수 있도록 -->
	<resultMap type="vo.ItemVO" id="item">
		<result column="ITEM_CODE" 		property="itemCode"/>
		<result column="ITEM_NAME" 		property="itemName"/>
		<result column="ITEM_PRICE" 	property="itemPrice"/>
		<result column="ITEM_INFO" 		property="itemInfo"/>
		<result column="ITEM_IMAGE" 	property="itemImage"/>
		<result column="ITEM_AMOUNT" 	property="itemAmount"/>
	</resultMap>	
	
	<insert id="insertItem">
		INSERT INTO SHOP_ITEM(ITEM_CODE
		, ITEM_NAME
		, ITEM_PRICE
		, ITEM_INFO
		, ITEM_IMAGE
		)VALUES( (SELECT NVL(MAX(ITEM_CODE)+1,1) FROM SHOP_ITEM)
			, #{itemName}
			, #{itemPrice}
			, #{itemInfo}
			, #{itemImage}
			)
	</insert>
	
	<select id="selectItemList" resultMap="item">
		SELECT ITEM_CODE
			, ITEM_NAME
			, ITEM_PRICE
			, ITEM_IMAGE
			FROM SHOP_ITEM ORDER BY ITEM_CODE DESC
	</select>
	
	<select id="selectItem" resultMap="item">
		SELECT ITEM_CODE
			, ITEM_NAME
			, ITEM_AMOUNT
			, ITEM_PRICE
			, ITEM_IMAGE
			, ITEM_INFO
			FROM SHOP_ITEM WHERE ITEM_CODE = #{itemCode}
	</select>
</mapper>























































